2,Noah,Emma
3,Oliver,Ava
4,William,Sophia
5,Elijah,Isabella
6,James,Charlotte
7,Benjamin,Amelia
8,Lucas,Mia
9,Mason,Harper
10,Ethan,Evelyn
11,Alexander,Abigail
12,Henry,Emily
13,Jacob,Ella
14,Michael,Elizabeth
15,Daniel,Camila
16,Logan,Luna
17,Jackson,Sofia
18,Sebastian,Avery
19,Jack,Mila
20,Aiden,Aria
21,Owen,Scarlett
22,Samuel,Penelope
23,Matthew,Layla
24,Joseph,Chloe
25,Levi,Victoria
26,Mateo,Madison
27,David,Eleanor
28,John,Grace
29,Wyatt,Nora
30,Carter,Riley
31,Julian,Zoey
32,Luke,Hannah
33,Grayson,Hazel
34,Isaac,Lily
35,Jayden,Ellie
36,Theodore,Violet
37,Gabriel,Lillian
38,Anthony,Zoe
39,Dylan,Stella
40,Leo,Aurora
41,Lincoln,Natalie
42,Jaxon,Emilia
43,Asher,Everly
44,Christopher,Leah
45,Josiah,Aubrey
46,Andrew,Willow
47,Thomas,Addison
48,Joshua,Lucy
49,Ezra,Audrey
50,Hudson,Bella
51,Charles,Nova
52,Caleb,Brooklyn
53,Isaiah,Paisley
54,Ryan,Savannah
55,Nathan,Claire
56,Adrian,Skylar
57,Christian,Isla
58,Maverick,Genesis
59,Colton,Naomi
60,Elias,Elena
61,Aaron,Caroline
62,Eli,Eliana
63,Landon,Anna
64,Jonathan,Maya
65,Nolan,Valentina
66,Hunter,Ruby
67,Cameron,Kennedy
68,Connor,Ivy
69,Santiago,Ariana
70,Jeremiah,Aaliyah
71,Ezekiel,Cora
72,Angel,Madelyn
73,Roman,Alice
74,Easton,Kinsley
75,Miles,Hailey
76,Robert,Gabriella
77,Jameson,Allison
78,Nicholas,Gianna
79,Greyson,Serenity
80,Cooper,Samantha
81,Ian,Sarah
82,Carson,Autumn
83,Axel,Quinn
84,Jaxson,Eva
85,Dominic,Piper
86,Leonardo,Sophie
87,Luca,Sadie
88,Austin,Delilah
89,Jordan,Josephine
90,Adam,Nevaeh
91,Xavier,Adeline
92,Jose,Arya
93,Jace,Emery
94,Everett,Lydia
95,Declan,Clara
96,Evan,Vivian
97,Kayden,Madeline
98,Parker,Peyton
99,Wesley,Julia
100,Kai,Rylee
